INSERT INTO ADDRESS(LATITUDE, LONGITUDE,ALTITUDE,DOORNUMBER,STREETNAME, POSTALCODE, LOCALITY, COUNTRY) VALUES(41.1784687, -8.6111664,10, '431','R. Dr. António Bernardino de Almeida','4200-072','Porto','Portugal');
INSERT INTO ADDRESS(LATITUDE, LONGITUDE,ALTITUDE,DOORNUMBER,STREETNAME, POSTALCODE, LOCALITY, COUNTRY) VALUES(41.139559, -8.5378971, 10,'50','R. S. João Deus','4220-210','Porto','Portugal');
INSERT INTO ADDRESS(LATITUDE, LONGITUDE,ALTITUDE,DOORNUMBER,STREETNAME, POSTALCODE, LOCALITY, COUNTRY) VALUES(38.7678423, -9.1015336, 3,'100','Av. D. João II','1900-233','Lisboa','Portugal');
INSERT INTO ADDRESS(LATITUDE, LONGITUDE,ALTITUDE,DOORNUMBER,STREETNAME, POSTALCODE, LOCALITY, COUNTRY) VALUES(40.2092717, -8.4254476, 7,'25','R. Larga 2','3000-370','Coimbra','Portugal');
INSERT INTO ADDRESS(LATITUDE, LONGITUDE,ALTITUDE,DOORNUMBER,STREETNAME, POSTALCODE, LOCALITY, COUNTRY) VALUES(41.7944244, -6.7777143, 20,'0','Alameda de Santa Apolónia','5300-253','Bragança','Portugal');
INSERT INTO ADDRESS(LATITUDE, LONGITUDE,ALTITUDE,DOORNUMBER,STREETNAME, POSTALCODE, LOCALITY, COUNTRY) VALUES(41.5615136, -8.3989243, 30,'0','Campus de Psicologia da UM','4100-057','Braga','Portugal');
INSERT INTO ADDRESS(LATITUDE, LONGITUDE,ALTITUDE,DOORNUMBER,STREETNAME, POSTALCODE, LOCALITY, COUNTRY) VALUES(41.1111112,-8.6114856,10,'1','789','4747-857','loc1','Portugal');
INSERT INTO ADDRESS(LATITUDE, LONGITUDE,ALTITUDE,DOORNUMBER,STREETNAME, POSTALCODE, LOCALITY, COUNTRY) VALUES(41.1414512,-8.5672412,12,'1','123','4747-857','loc1','Portugal');
INSERT INTO ADDRESS(LATITUDE, LONGITUDE,ALTITUDE,DOORNUMBER,STREETNAME, POSTALCODE, LOCALITY, COUNTRY) VALUES(41.1516599,-8.5217484,16,'1','456','4747-857','loc1','Portugal');
INSERT INTO ADDRESS(LATITUDE, LONGITUDE,ALTITUDE,DOORNUMBER,STREETNAME, POSTALCODE, LOCALITY, COUNTRY) VALUES(41.1116911,-8.5874815,11,'1','858','4747-857','loc1','Portugal');
INSERT INTO ADDRESS(LATITUDE, LONGITUDE,ALTITUDE,DOORNUMBER,STREETNAME, POSTALCODE, LOCALITY, COUNTRY) VALUES(41.1825991,-8.6154487,10,'1','128','4747-857','loc1','Portugal');
INSERT INTO ADDRESS(LATITUDE, LONGITUDE,ALTITUDE,DOORNUMBER,STREETNAME, POSTALCODE, LOCALITY, COUNTRY) VALUES(41.1155582,-8.6187858,14,'1','169','4747-857','loc1','Portugal');
INSERT INTO ADDRESS(LATITUDE, LONGITUDE,ALTITUDE,DOORNUMBER,STREETNAME, POSTALCODE, LOCALITY, COUNTRY) VALUES(41.1810722,-8.5877482,8,'1','574','4747-857','loc1','Portugal');
INSERT INTO ADDRESS(LATITUDE, LONGITUDE,ALTITUDE,DOORNUMBER,STREETNAME, POSTALCODE, LOCALITY, COUNTRY) VALUES(41.1185442,-8.5874845,9,'1','252','4747-857','loc1','Portugal');
INSERT INTO ADDRESS(LATITUDE, LONGITUDE,ALTITUDE,DOORNUMBER,STREETNAME, POSTALCODE, LOCALITY, COUNTRY) VALUES(41.1795122,-8.6874842,11,'1','157','4747-857','loc1','Portugal');
INSERT INTO ADDRESS(LATITUDE, LONGITUDE,ALTITUDE,DOORNUMBER,STREETNAME, POSTALCODE, LOCALITY, COUNTRY) VALUES(41.1152841,-8.5484285,14,'1','999','4747-857','loc1','Portugal');
INSERT INTO ADDRESS(LATITUDE, LONGITUDE,ALTITUDE,DOORNUMBER,STREETNAME, POSTALCODE, LOCALITY, COUNTRY) VALUES(41.1818217,-8.5894812,17,'1','574','4747-857','loc1','Portugal');
INSERT INTO ADDRESS(LATITUDE, LONGITUDE,ALTITUDE,DOORNUMBER,STREETNAME, POSTALCODE, LOCALITY, COUNTRY) VALUES(41.1115284,-8.5897845,20,'1','981','4747-857','loc1','Portugal');
INSERT INTO ADDRESS(LATITUDE, LONGITUDE,ALTITUDE,DOORNUMBER,STREETNAME, POSTALCODE, LOCALITY, COUNTRY) VALUES(41.1418412,-8.6481855,30,'1','147','4747-857','loc1','Portugal');
INSERT INTO ADDRESS(LATITUDE, LONGITUDE,ALTITUDE,DOORNUMBER,STREETNAME, POSTALCODE, LOCALITY, COUNTRY) VALUES(41.1562542,-8.5214879,0,'1','521','4747-857','loc1','Portugal');
INSERT INTO ADDRESS(LATITUDE, LONGITUDE,ALTITUDE,DOORNUMBER,STREETNAME, POSTALCODE, LOCALITY, COUNTRY) VALUES(41.1171802,-8.6518481,13,'1','902','4747-857','loc1','Portugal');
INSERT INTO ADDRESS(LATITUDE, LONGITUDE,ALTITUDE,DOORNUMBER,STREETNAME, POSTALCODE, LOCALITY, COUNTRY) VALUES(41.1468442,-8.5944814,2,'1','117','4747-857','loc1','Portugal');
INSERT INTO ADDRESS(LATITUDE, LONGITUDE,ALTITUDE,DOORNUMBER,STREETNAME, POSTALCODE, LOCALITY, COUNTRY) VALUES(41.1151872,-8.6115836,6,'1','888','4747-857','loc1','Portugal');
INSERT INTO ADDRESS(LATITUDE, LONGITUDE,ALTITUDE,DOORNUMBER,STREETNAME, POSTALCODE, LOCALITY, COUNTRY) VALUES(41.1418748,-8.5484845,17,'1','698','4747-857','loc1','Portugal');
INSERT INTO ADDRESS(LATITUDE, LONGITUDE,ALTITUDE,DOORNUMBER,STREETNAME, POSTALCODE, LOCALITY, COUNTRY) VALUES(41.1548452,-8.6158444,12,'1','824','4747-857','loc1','Portugal');
INSERT INTO ADDRESS(LATITUDE, LONGITUDE,ALTITUDE,DOORNUMBER,STREETNAME, POSTALCODE, LOCALITY, COUNTRY) VALUES(41.1188742,-8.5284841,10,'1','258','4747-857','loc1','Portugal');
INSERT INTO ADDRESS(LATITUDE, LONGITUDE,ALTITUDE,DOORNUMBER,STREETNAME, POSTALCODE, LOCALITY, COUNTRY) VALUES(41.1158177,-8.5484855,2,'1','555','4747-857','loc1','Portugal');
INSERT INTO ADDRESS(LATITUDE, LONGITUDE,ALTITUDE,DOORNUMBER,STREETNAME, POSTALCODE, LOCALITY, COUNTRY) VALUES(41.1814842,-8.6548481,5,'1','982','4747-857','loc1','Portugal');
INSERT INTO ADDRESS(LATITUDE, LONGITUDE,ALTITUDE,DOORNUMBER,STREETNAME, POSTALCODE, LOCALITY, COUNTRY) VALUES(41.1548251,-8.5878454,15,'1','111','4747-857','loc1','Portugal');
INSERT INTO ADDRESS(LATITUDE, LONGITUDE,ALTITUDE,DOORNUMBER,STREETNAME, POSTALCODE, LOCALITY, COUNTRY) VALUES(41.1384874,-8.6484845,11,'1','847','4747-857','loc1','Portugal');

INSERT INTO "User"(EMAIL,PASSWORD,NIF,NAME) VALUES('user1@gmail.com','5f4dcc3b5aa765d61d8327deb882cf99',123456789,'user 1');
INSERT INTO "User"(EMAIL,PASSWORD,NIF,NAME) VALUES('user2@gmail.com','5f4dcc3b5aa765d61d8327deb882cf99',987654321,'user 2');
INSERT INTO "User"(EMAIL,PASSWORD,NIF,NAME) VALUES('user3@gmail.com','5f4dcc3b5aa765d61d8327deb882cf99',111111111,'user 3');
INSERT INTO "User"(EMAIL,PASSWORD,NIF,NAME) VALUES('user4@gmail.com','5f4dcc3b5aa765d61d8327deb882cf99',222222222,'user 4');
INSERT INTO "User"(EMAIL,PASSWORD,NIF,NAME) VALUES('user5@gmail.com','5f4dcc3b5aa765d61d8327deb882cf99',333333333,'user 5');
INSERT INTO "User"(EMAIL,PASSWORD,NIF,NAME) VALUES('user6@gmail.com','5f4dcc3b5aa765d61d8327deb882cf99',444444444,'user 6');

INSERT INTO PHARMACY(NAME,EMAIL, ADDRESSLATITUDE, ADDRESSLONGITUDE)  VALUES ('Pharmacy 1', 'email7@gmail.com',41.1784687, -8.6111664);

INSERT INTO ADMINISTRATOR(USERID) VALUES (1);

INSERT INTO CLIENT(USERID, CREDITS, ADDRESSLATITUDE, ADDRESSLONGITUDE) VALUES (2,0,41.139559, -8.5378971);
INSERT INTO CLIENT(USERID, CREDITS, ADDRESSLATITUDE, ADDRESSLONGITUDE) VALUES (3,0,38.7678423, -9.1015336);
INSERT INTO CLIENT(USERID, CREDITS, ADDRESSLATITUDE, ADDRESSLONGITUDE) VALUES (4,0,40.2092717, -8.4254476);

INSERT INTO ORDERSTATUS(DESIGNATION) VALUES ('delivered');
INSERT INTO ORDERSTATUS(DESIGNATION) VALUES ('ordered');

INSERT INTO DELIVERYSTATUS(DESIGNATION) VALUES ('idle');
INSERT INTO DELIVERYSTATUS(DESIGNATION) VALUES ('in progress');
INSERT INTO DELIVERYSTATUS(DESIGNATION) VALUES ('finished');

INSERT INTO BATTERY(BATTERYCAPACITY, batteryVoltage, efficiency) VALUES(25,6,80);

INSERT INTO VEHICLETYPE(DESIGNATION) VALUES('Scooter');
INSERT INTO VEHICLETYPE(DESIGNATION) VALUES('Drone');

INSERT INTO VEHICLEMODEL(DESIGNATION,POTENCY,WEIGHT,MAXPAYLOAD, BATTERYID, VEHICLETYPE)VALUES('model1',250,25,10,1,'Scooter');

INSERT INTO VEHICLE(PHARMACYID,MODELID,BATTERYPERC) VALUES(1,1,80);

INSERT INTO COURIER(USERID, IBAN, PHARMACYID) VALUES (6,'PT50002700000001234567833',1);

INSERT INTO DELIVERYRUN(COURIERID,DELIVERYSTATUS, VEHICLEID) VALUES(6,'finished',1);
INSERT INTO DELIVERYRUN(COURIERID,DELIVERYSTATUS, VEHICLEID) VALUES(6,'idle',1);

INSERT INTO "Order"(CLIENTID,DESCRIPTION,ORDERSTATUS,ORDERDATE,PHARMACYID,DELIVERYRUNID,TOTALWEIGHT,AMOUNT,ADDITIONALFEE, ISHOMEDELIVERY) VALUES(2,'order 1', 'ordered', TO_DATE('2020-12-30','yyyy-mm-dd'), 1, 1,2.5,45,2,1);
INSERT INTO "Order"(CLIENTID,DESCRIPTION,ORDERSTATUS,ORDERDATE,PHARMACYID,DELIVERYRUNID,TOTALWEIGHT,AMOUNT,ADDITIONALFEE,ISHOMEDELIVERY) VALUES(3,'order 2', 'delivered', TO_DATE('2021-01-03','yyyy-mm-dd'),  1,1,2,40,3,1);
INSERT INTO "Order"(CLIENTID,DESCRIPTION,ORDERSTATUS,ORDERDATE,PHARMACYID,DELIVERYRUNID,TOTALWEIGHT,AMOUNT,ADDITIONALFEE,ISHOMEDELIVERY) VALUES(4,'order 3', 'delivered', TO_DATE('2021-01-04','yyyy-mm-dd'),  1,2,2.5,30,2,1);
INSERT INTO "Order"(CLIENTID,DESCRIPTION,ORDERSTATUS,ORDERDATE,PHARMACYID,DELIVERYRUNID,TOTALWEIGHT,AMOUNT,ADDITIONALFEE,ISHOMEDELIVERY) VALUES(4,'order 4', 'ordered', TO_DATE('2021-01-08','yyyy-mm-dd'),  1,2,2.5,30,2,0);

INSERT INTO PRODUCT(NAME,DESCRIPTION,UNITARYPRICE,UNITARYWEIGHT) VALUES('COVID-19 Vaccine','Pfizer SARS-CoV-2 Vaccine', 18,0.5);
INSERT INTO PRODUCT(NAME,DESCRIPTION,UNITARYPRICE,UNITARYWEIGHT) VALUES('Ben-u-ron','Paracetamol', 2.5,0.3);

INSERT INTO PHARMACYPRODUCT(PHARMACYID, PRODUCTID, STOCK) VALUES (1,1,0);
INSERT INTO PHARMACYPRODUCT(PHARMACYID, PRODUCTID, STOCK) VALUES (1,2,250);

INSERT INTO ORDERPRODUCT(PRODUCTID, ORDERID, QUANTITY) VALUES (1,2,2);
INSERT INTO ORDERPRODUCT(PRODUCTID, ORDERID, QUANTITY) VALUES (2,3,5);
INSERT INTO ORDERPRODUCT(PRODUCTID, ORDERID, QUANTITY) VALUES (1,3,1);
INSERT INTO ORDERPRODUCT(PRODUCTID, ORDERID, QUANTITY) VALUES (1,4,1);

INSERT INTO CREDITCARD(creditcardnr, validitydate, ccv) VALUES (1234567812345678,TO_DATE('2022-01','yyyy-mm'),111);
INSERT INTO CREDITCARD(creditcardnr, validitydate, ccv) VALUES (1472583698765432,TO_DATE('2023-01','yyyy-mm'),222);

INSERT INTO CREDITCARDCLIENT(creditcardnr, clientid) VALUES (1234567812345678,3);
INSERT INTO CREDITCARDCLIENT(creditcardnr, clientid) VALUES (1472583698765432,4);

INSERT INTO ORDERSTATUS(DESIGNATION) VALUES ('Ordered');
INSERT INTO ORDERSTATUS(DESIGNATION) VALUES ('Delivering');
INSERT INTO ORDERSTATUS(DESIGNATION) VALUES ('Delivered');


INSERT INTO DELIVERYSTATUS(DESIGNATION) VALUES ('Idle');
INSERT INTO DELIVERYSTATUS(DESIGNATION) VALUES ('InProgress');
INSERT INTO DELIVERYSTATUS(DESIGNATION) VALUES ('Finished');

INSERT INTO PARK(MAXSLOTSNUMBER, PHARMACYID, VEHICLETYPE, TOTALOUTPUTCURRENT) VALUES (10,1,'Scooter',20);
INSERT INTO PARKINGSLOT(PARKID, VEHICLEID)VALUES(1,1);
INSERT INTO CHARGINGSLOT(PARKINGSLOTID) VALUES (1);


