INSERT INTO ADDRESS(LATITUDE, LONGITUDE,DOORNUMBER,STREETNAME, POSTALCODE, LOCALITY, COUNTRY) VALUES(41.1784687, -8.6111664, '431','R. Dr. António Bernardino de Almeida','4200-072','Porto','Portugal');
INSERT INTO ADDRESS(LATITUDE, LONGITUDE,DOORNUMBER,STREETNAME, POSTALCODE, LOCALITY, COUNTRY) VALUES(41.139559, -8.5378971, '50','R. S. João Deus','4220-210','Porto','Portugal');
INSERT INTO ADDRESS(LATITUDE, LONGITUDE,DOORNUMBER,STREETNAME, POSTALCODE, LOCALITY, COUNTRY) VALUES(38.7678423, -9.1015336, '100','Av. D. João II','1900-233','Lisboa','Portugal');
INSERT INTO ADDRESS(LATITUDE, LONGITUDE,DOORNUMBER,STREETNAME, POSTALCODE, LOCALITY, COUNTRY) VALUES(40.2092717, -8.4254476, '25','R. Larga 2','3000-370','Coimbra','Portugal');
INSERT INTO ADDRESS(LATITUDE, LONGITUDE,DOORNUMBER,STREETNAME, POSTALCODE, LOCALITY, COUNTRY) VALUES(41.7944244, -6.7777143, '0','Alameda de Santa Apolónia','5300-253','Bragança','Portugal');
INSERT INTO ADDRESS(LATITUDE, LONGITUDE,DOORNUMBER,STREETNAME, POSTALCODE, LOCALITY, COUNTRY) VALUES(41.5615136, -8.3989243, '0','Campus de Psicologia da UM','4100-057','Braga','Portugal');
INSERT INTO ADDRESS(LATITUDE, LONGITUDE,DOORNUMBER,STREETNAME, POSTALCODE, LOCALITY, COUNTRY) VALUES(41.1111112,-8.6114856,'1','789','4747-857','loc1','Portugal');
INSERT INTO ADDRESS(LATITUDE, LONGITUDE,DOORNUMBER,STREETNAME, POSTALCODE, LOCALITY, COUNTRY) VALUES(41.1414512,-8.5672412,'1','123','4747-857','loc1','Portugal');
INSERT INTO ADDRESS(LATITUDE, LONGITUDE,DOORNUMBER,STREETNAME, POSTALCODE, LOCALITY, COUNTRY) VALUES(41.1516599,-8.5217484,'1','456','4747-857','loc1','Portugal');
INSERT INTO ADDRESS(LATITUDE, LONGITUDE,DOORNUMBER,STREETNAME, POSTALCODE, LOCALITY, COUNTRY) VALUES(41.1116911,-8.5874815,'1','858','4747-857','loc1','Portugal');
INSERT INTO ADDRESS(LATITUDE, LONGITUDE,DOORNUMBER,STREETNAME, POSTALCODE, LOCALITY, COUNTRY) VALUES(41.1825991,-8.6154487,'1','128','4747-857','loc1','Portugal');
INSERT INTO ADDRESS(LATITUDE, LONGITUDE,DOORNUMBER,STREETNAME, POSTALCODE, LOCALITY, COUNTRY) VALUES(41.1155582,-8.6187858,'1','169','4747-857','loc1','Portugal');
INSERT INTO ADDRESS(LATITUDE, LONGITUDE,DOORNUMBER,STREETNAME, POSTALCODE, LOCALITY, COUNTRY) VALUES(41.1810722,-8.5877482,'1','574','4747-857','loc1','Portugal');
INSERT INTO ADDRESS(LATITUDE, LONGITUDE,DOORNUMBER,STREETNAME, POSTALCODE, LOCALITY, COUNTRY) VALUES(41.1185442,-8.5874845,'1','252','4747-857','loc1','Portugal');
INSERT INTO ADDRESS(LATITUDE, LONGITUDE,DOORNUMBER,STREETNAME, POSTALCODE, LOCALITY, COUNTRY) VALUES(41.1795122,-8.6874842,'1','157','4747-857','loc1','Portugal');
INSERT INTO ADDRESS(LATITUDE, LONGITUDE,DOORNUMBER,STREETNAME, POSTALCODE, LOCALITY, COUNTRY) VALUES(41.1152841,-8.5484285,'1','999','4747-857','loc1','Portugal');
INSERT INTO ADDRESS(LATITUDE, LONGITUDE,DOORNUMBER,STREETNAME, POSTALCODE, LOCALITY, COUNTRY) VALUES(41.1818217,-8.5894812,'1','574','4747-857','loc1','Portugal');
INSERT INTO ADDRESS(LATITUDE, LONGITUDE,DOORNUMBER,STREETNAME, POSTALCODE, LOCALITY, COUNTRY) VALUES(41.1115284,-8.5897845,'1','981','4747-857','loc1','Portugal');
INSERT INTO ADDRESS(LATITUDE, LONGITUDE,DOORNUMBER,STREETNAME, POSTALCODE, LOCALITY, COUNTRY) VALUES(41.1418412,-8.6481855,'1','147','4747-857','loc1','Portugal');
INSERT INTO ADDRESS(LATITUDE, LONGITUDE,DOORNUMBER,STREETNAME, POSTALCODE, LOCALITY, COUNTRY) VALUES(41.1562542,-8.5214879,'1','521','4747-857','loc1','Portugal');
INSERT INTO ADDRESS(LATITUDE, LONGITUDE,DOORNUMBER,STREETNAME, POSTALCODE, LOCALITY, COUNTRY) VALUES(41.1171802,-8.6518481,'1','902','4747-857','loc1','Portugal');
INSERT INTO ADDRESS(LATITUDE, LONGITUDE,DOORNUMBER,STREETNAME, POSTALCODE, LOCALITY, COUNTRY) VALUES(41.1468442,-8.5944814,'1','117','4747-857','loc1','Portugal');
INSERT INTO ADDRESS(LATITUDE, LONGITUDE,DOORNUMBER,STREETNAME, POSTALCODE, LOCALITY, COUNTRY) VALUES(41.1151872,-8.6115836,'1','888','4747-857','loc1','Portugal');
INSERT INTO ADDRESS(LATITUDE, LONGITUDE,DOORNUMBER,STREETNAME, POSTALCODE, LOCALITY, COUNTRY) VALUES(41.1418748,-8.5484845,'1','698','4747-857','loc1','Portugal');
INSERT INTO ADDRESS(LATITUDE, LONGITUDE,DOORNUMBER,STREETNAME, POSTALCODE, LOCALITY, COUNTRY) VALUES(41.1548452,-8.6158444,'1','824','4747-857','loc1','Portugal');
INSERT INTO ADDRESS(LATITUDE, LONGITUDE,DOORNUMBER,STREETNAME, POSTALCODE, LOCALITY, COUNTRY) VALUES(41.1188742,-8.5284841,'1','258','4747-857','loc1','Portugal');
INSERT INTO ADDRESS(LATITUDE, LONGITUDE,DOORNUMBER,STREETNAME, POSTALCODE, LOCALITY, COUNTRY) VALUES(41.1158177,-8.5484855,'1','555','4747-857','loc1','Portugal');
INSERT INTO ADDRESS(LATITUDE, LONGITUDE,DOORNUMBER,STREETNAME, POSTALCODE, LOCALITY, COUNTRY) VALUES(41.1814842,-8.6548481,'1','982','4747-857','loc1','Portugal');
INSERT INTO ADDRESS(LATITUDE, LONGITUDE,DOORNUMBER,STREETNAME, POSTALCODE, LOCALITY, COUNTRY) VALUES(41.1548251,-8.5878454,'1','111','4747-857','loc1','Portugal');
INSERT INTO ADDRESS(LATITUDE, LONGITUDE,DOORNUMBER,STREETNAME, POSTALCODE, LOCALITY, COUNTRY) VALUES(41.1384874,-8.6484845,'1','847','4747-857','loc1','Portugal');

INSERT INTO "User"(EMAIL,PASSWORD,NIF,NAME) VALUES('user1@gmail.com','user1123',123456789,'user 1');
INSERT INTO "User"(EMAIL,PASSWORD,NIF,NAME) VALUES('user2@gmail.com','user2123',987654321,'user 2');
INSERT INTO "User"(EMAIL,PASSWORD,NIF,NAME) VALUES('user3@gmail.com','user3123',111111111,'user 3');
INSERT INTO "User"(EMAIL,PASSWORD,NIF,NAME) VALUES('user4@gmail.com','user4123',222222222,'user 4');
INSERT INTO "User"(EMAIL,PASSWORD,NIF,NAME) VALUES('user5@gmail.com','user5123',333333333,'user 5');
INSERT INTO "User"(EMAIL,PASSWORD,NIF,NAME) VALUES('user6@gmail.com','user6123',444444444,'user 6');

INSERT INTO PHARMACY(NAME,ADDRESSID, EMAIL) VALUES ('Pharmacy 1', 1, 'email7@gmail.com');

INSERT INTO ADMINISTRATOR(USERID) VALUES (1);

INSERT INTO CLIENT(USERID, CREDITS, ADDRESSID) VALUES (2,0,2);
INSERT INTO CLIENT(USERID, CREDITS, ADDRESSID) VALUES (3,0,3);
INSERT INTO CLIENT(USERID, CREDITS, ADDRESSID) VALUES (4,0,4);

INSERT INTO ORDERSTATUS(DESIGNATION) VALUES ('delivered');
INSERT INTO ORDERSTATUS(DESIGNATION) VALUES ('ordered');

INSERT INTO DELIVERYSTATUS(DESIGNATION) VALUES ('idle');
INSERT INTO DELIVERYSTATUS(DESIGNATION) VALUES ('in progress');
INSERT INTO DELIVERYSTATUS(DESIGNATION) VALUES ('finished');

INSERT INTO CHARGINGSTATUS(DESIGNATION) VALUES('charged');
INSERT INTO CHARGINGSTATUS(DESIGNATION) VALUES('uncharged');

INSERT INTO BATTERY(BATTERYPERC,BATTERYCAPACITY, batteryVoltage) VALUES(10,25,6);

INSERT INTO VEHICLE(PHARMACYID,BATTERYID,POTENCY,WEIGHT,MAXPAYLOAD,CHARGINGSTATUS) VALUES(1,1,250,10,15,'charged');

INSERT INTO COURIER(USERID, IBAN, PHARMACYID) VALUES (6,'PT50002700000001234567833',1);

INSERT INTO DELIVERYRUN(COURIERID,DELIVERYSTATUS, VEHICLEID) VALUES(6,'finished',1);
INSERT INTO DELIVERYRUN(COURIERID,DELIVERYSTATUS, VEHICLEID) VALUES(6,'idle',1);

INSERT INTO "Order"(CLIENTID,DESCRIPTION,ORDERSTATUS,ORDERDATE,PHARMACYID,DELIVERYRUNID,TOTALWEIGHT,AMOUNT,ADDITIONALFEE, ISHOMEDELIVERY) VALUES(2,'order 1', 'ordered', TO_DATE('2020-12-30','yyyy-mm-dd'), 1, 1,2.5,45,2,1);
INSERT INTO "Order"(CLIENTID,DESCRIPTION,ORDERSTATUS,ORDERDATE,PHARMACYID,DELIVERYRUNID,TOTALWEIGHT,AMOUNT,ADDITIONALFEE,ISHOMEDELIVERY) VALUES(3,'order 2', 'delivered', TO_DATE('2021-01-03','yyyy-mm-dd'),  1,1,2,40,3,1);
INSERT INTO "Order"(CLIENTID,DESCRIPTION,ORDERSTATUS,ORDERDATE,PHARMACYID,DELIVERYRUNID,TOTALWEIGHT,AMOUNT,ADDITIONALFEE,ISHOMEDELIVERY) VALUES(4,'order 3', 'delivered', TO_DATE('2021-01-04','yyyy-mm-dd'),  1,2,2.5,30,2,1);
INSERT INTO "Order"(CLIENTID,DESCRIPTION,ORDERSTATUS,ORDERDATE,PHARMACYID,DELIVERYRUNID,TOTALWEIGHT,AMOUNT,ADDITIONALFEE,ISHOMEDELIVERY) VALUES(4,'order 4', 'ordered', TO_DATE('2021-01-08','yyyy-mm-dd'),  1,2,2.5,30,2,0);

INSERT INTO PRODUCT(NAME,DESCRIPTION,UNITARYPRICE,UNITARYWEIGHT) VALUES('COVID-19 Vaccine','Pfizer SARS-CoV-2 Vaccine', 18,0.5);
INSERT INTO PRODUCT(NAME,DESCRIPTION,UNITARYPRICE,UNITARYWEIGHT) VALUES('Ben-u-ron','Paracetamol', 2.5,0.3);

INSERT INTO PHARMACYPRODUCT(PHARMACYID, PRODUCTID, STOCK) VALUES (1,1,0);
INSERT INTO PHARMACYPRODUCT(PHARMACYID, PRODUCTID, STOCK) VALUES (1,2,250);

INSERT INTO ORDERPRODUCT(PRODUCTID, ORDERID, QUANTITY) VALUES (1,2,2);
INSERT INTO ORDERPRODUCT(PRODUCTID, ORDERID, QUANTITY) VALUES (2,3,5);
INSERT INTO ORDERPRODUCT(PRODUCTID, ORDERID, QUANTITY) VALUES (1,3,1);
INSERT INTO ORDERPRODUCT(PRODUCTID, ORDERID, QUANTITY) VALUES (1,4,1);

INSERT INTO CREDITCARD(creditcardnr, validitydate, ccv) VALUES (1234567812345678,TO_DATE('2022-01','yyyy-mm'),111);
INSERT INTO CREDITCARD(creditcardnr, validitydate, ccv) VALUES (1472583698765432,TO_DATE('2023-01','yyyy-mm'),222);

INSERT INTO CREDITCARDCLIENT(creditcardnr, clientid) VALUES (1234567812345678,3);
INSERT INTO CREDITCARDCLIENT(creditcardnr, clientid) VALUES (1472583698765432,4);

INSERT INTO ORDERSTATUS(DESIGNATION) VALUES ('Ordered');
INSERT INTO ORDERSTATUS(DESIGNATION) VALUES ('Delivering');
INSERT INTO ORDERSTATUS(DESIGNATION) VALUES ('Delivered');


INSERT INTO DELIVERYSTATUS(DESIGNATION) VALUES ('Idle');
INSERT INTO DELIVERYSTATUS(DESIGNATION) VALUES ('InProgress');
INSERT INTO DELIVERYSTATUS(DESIGNATION) VALUES ('Finished');

INSERT INTO VEHICLETYPE(DESIGNATION) VALUES('Scooter');
INSERT INTO VEHICLETYPE(DESIGNATION) VALUES('Drone');

INSERT INTO PARK(MAXSLOTSNUMBER, PHARMACYID, VEHICLETYPE, TOTALOUTPUTCURRENT) VALUES (10,1,'Scooter',20);
INSERT INTO PARKINGSLOT(PARKID, VEHICLEID)VALUES(1,1);
INSERT INTO CHARGINGSLOT(PARKINGSLOTID) VALUES (1);

INSERT INTO PATH(ADDRESSIDA, ADDRESSIDB, NAME) VALUES (1,2, 'Rua 1');
INSERT INTO PATH(ADDRESSIDA, ADDRESSIDB, NAME) VALUES (2,3, 'Rua 2');
INSERT INTO PATH(ADDRESSIDA, ADDRESSIDB, NAME) VALUES (3,4, 'Rua 3');
INSERT INTO PATH(ADDRESSIDA, ADDRESSIDB, NAME) VALUES (7,8, 'Rua 4');
INSERT INTO PATH(ADDRESSIDA, ADDRESSIDB, NAME) VALUES (1,8, 'Rua 5');
INSERT INTO PATH(ADDRESSIDA, ADDRESSIDB, NAME) VALUES (2,7, 'Rua 6');
INSERT INTO PATH(ADDRESSIDA, ADDRESSIDB, NAME) VALUES (7,9, 'Rua 7');
INSERT INTO PATH(ADDRESSIDA, ADDRESSIDB, NAME) VALUES (9,10, 'Rua 8');
INSERT INTO PATH(ADDRESSIDA, ADDRESSIDB, NAME) VALUES (8,11, 'Rua 9');
INSERT INTO PATH(ADDRESSIDA, ADDRESSIDB, NAME) VALUES (8,10, 'Rua 10');
INSERT INTO PATH(ADDRESSIDA, ADDRESSIDB, NAME) VALUES (11,18, 'Rua 11');
INSERT INTO PATH(ADDRESSIDA, ADDRESSIDB, NAME) VALUES (12,13, 'Rua 12');
INSERT INTO PATH(ADDRESSIDA, ADDRESSIDB, NAME) VALUES (13,14, 'Rua 13');
INSERT INTO PATH(ADDRESSIDA, ADDRESSIDB, NAME) VALUES (14,18, 'Rua 14');
INSERT INTO PATH(ADDRESSIDA, ADDRESSIDB, NAME) VALUES (11,20, 'Rua 15');
INSERT INTO PATH(ADDRESSIDA, ADDRESSIDB, NAME) VALUES (13,18, 'Rua 16');
INSERT INTO PATH(ADDRESSIDA, ADDRESSIDB, NAME) VALUES (15,20, 'Rua 17');
INSERT INTO PATH(ADDRESSIDA, ADDRESSIDB, NAME) VALUES (13,25, 'Rua 18');
INSERT INTO PATH(ADDRESSIDA, ADDRESSIDB, NAME) VALUES (17,18, 'Rua 19');
INSERT INTO PATH(ADDRESSIDA, ADDRESSIDB, NAME) VALUES (20,28, 'Rua 20');
INSERT INTO PATH(ADDRESSIDA, ADDRESSIDB, NAME) VALUES (27,28, 'Rua 21');
INSERT INTO PATH(ADDRESSIDA, ADDRESSIDB, NAME) VALUES (17,20, 'Rua 22');
INSERT INTO PATH(ADDRESSIDA, ADDRESSIDB, NAME) VALUES (14,25, 'Rua 23');
INSERT INTO PATH(ADDRESSIDA, ADDRESSIDB, NAME) VALUES (25,28, 'Rua 24');
INSERT INTO PATH(ADDRESSIDA, ADDRESSIDB, NAME) VALUES (1,20, 'Rua 25');
INSERT INTO PATH(ADDRESSIDA, ADDRESSIDB, NAME) VALUES (2,19, 'Rua 26');
INSERT INTO PATH(ADDRESSIDA, ADDRESSIDB, NAME) VALUES (9,27, 'Rua 27');
INSERT INTO PATH(ADDRESSIDA, ADDRESSIDB, NAME) VALUES (18,30, 'Rua 28');
INSERT INTO PATH(ADDRESSIDA, ADDRESSIDB, NAME) VALUES (22,25, 'Rua 29');
INSERT INTO PATH(ADDRESSIDA, ADDRESSIDB, NAME) VALUES (26,27, 'Rua 30');
INSERT INTO PATH(ADDRESSIDA, ADDRESSIDB, NAME) VALUES (8,27, 'Rua 31');
INSERT INTO PATH(ADDRESSIDA, ADDRESSIDB, NAME) VALUES (14,16, 'Rua 32');
INSERT INTO PATH(ADDRESSIDA, ADDRESSIDB, NAME) VALUES (9,24, 'Rua 33');
INSERT INTO PATH(ADDRESSIDA, ADDRESSIDB, NAME) VALUES (2,29, 'Rua 34');
INSERT INTO PATH(ADDRESSIDA, ADDRESSIDB, NAME) VALUES (17,19, 'Rua 35');
INSERT INTO PATH(ADDRESSIDA, ADDRESSIDB, NAME) VALUES (16,28, 'Rua 36');
INSERT INTO PATH(ADDRESSIDA, ADDRESSIDB, NAME) VALUES (9,13, 'Rua 37');
INSERT INTO PATH(ADDRESSIDA, ADDRESSIDB, NAME) VALUES (16,18, 'Rua 38');
INSERT INTO PATH(ADDRESSIDA, ADDRESSIDB, NAME) VALUES (18,28, 'Rua 39');
INSERT INTO PATH(ADDRESSIDA, ADDRESSIDB, NAME) VALUES (7,17, 'Rua 40');
INSERT INTO PATH(ADDRESSIDA, ADDRESSIDB, NAME) VALUES (2,27, 'Rua 41');
INSERT INTO PATH(ADDRESSIDA, ADDRESSIDB, NAME) VALUES (1,19, 'Rua 42');
INSERT INTO PATH(ADDRESSIDA, ADDRESSIDB, NAME) VALUES (18,24, 'Rua 43');
INSERT INTO PATH(ADDRESSIDA, ADDRESSIDB, NAME) VALUES (9,21, 'Rua 44');
INSERT INTO PATH(ADDRESSIDA, ADDRESSIDB, NAME) VALUES (19,20, 'Rua 45');
INSERT INTO PATH(ADDRESSIDA, ADDRESSIDB, NAME) VALUES (10,28, 'Rua 46');
INSERT INTO PATH(ADDRESSIDA, ADDRESSIDB, NAME) VALUES (21,28, 'Rua 47');
INSERT INTO PATH(ADDRESSIDA, ADDRESSIDB, NAME) VALUES (22,28, 'Rua 48');
INSERT INTO PATH(ADDRESSIDA, ADDRESSIDB, NAME) VALUES (14,19, 'Rua 49');
INSERT INTO PATH(ADDRESSIDA, ADDRESSIDB, NAME) VALUES (11,28, 'Rua 50');
INSERT INTO PATH(ADDRESSIDA, ADDRESSIDB, NAME) VALUES (1,21, 'Rua 51');
INSERT INTO PATH(ADDRESSIDA, ADDRESSIDB, NAME) VALUES (3,18, 'Rua 52');
INSERT INTO PATH(ADDRESSIDA, ADDRESSIDB, NAME) VALUES (19,22, 'Rua 53');
INSERT INTO PATH(ADDRESSIDA, ADDRESSIDB, NAME) VALUES (18,22, 'Rua 54');
INSERT INTO PATH(ADDRESSIDA, ADDRESSIDB, NAME) VALUES (11,22, 'Rua 55');
INSERT INTO PATH(ADDRESSIDA, ADDRESSIDB, NAME) VALUES (9,22, 'Rua 56');
INSERT INTO PATH(ADDRESSIDA, ADDRESSIDB, NAME) VALUES (8,22, 'Rua 57');
INSERT INTO PATH(ADDRESSIDA, ADDRESSIDB, NAME) VALUES (1,30, 'Rua 58');
INSERT INTO PATH(ADDRESSIDA, ADDRESSIDB, NAME) VALUES (1,11, 'Rua 59');
INSERT INTO PATH(ADDRESSIDA, ADDRESSIDB, NAME) VALUES (17,25, 'Rua 60');
INSERT INTO PATH(ADDRESSIDA, ADDRESSIDB, NAME) VALUES (7,25, 'Rua 61');
INSERT INTO PATH(ADDRESSIDA, ADDRESSIDB, NAME) VALUES (7,19, 'Rua 62');
INSERT INTO PATH(ADDRESSIDA, ADDRESSIDB, NAME) VALUES (9,26, 'Rua 63');
INSERT INTO PATH(ADDRESSIDA, ADDRESSIDB, NAME) VALUES (7,18, 'Rua 64');
INSERT INTO PATH(ADDRESSIDA, ADDRESSIDB, NAME) VALUES (9,28, 'Rua 65');
INSERT INTO PATH(ADDRESSIDA, ADDRESSIDB, NAME) VALUES (1,18, 'Rua 66');
INSERT INTO PATH(ADDRESSIDA, ADDRESSIDB, NAME) VALUES (2,26, 'Rua 67');
INSERT INTO PATH(ADDRESSIDA, ADDRESSIDB, NAME) VALUES (7,29, 'Rua 68');
INSERT INTO PATH(ADDRESSIDA, ADDRESSIDB, NAME) VALUES (11,29, 'Rua 69');
INSERT INTO PATH(ADDRESSIDA, ADDRESSIDB, NAME) VALUES (18,29, 'Rua 70');

